{
    "keyboard_name": "Final80V2",
    "manufacturer": "Liang",
    "url": "",
    "maintainer": "Liang",
    "usb": {
        "vid": "0xAAA6",
        "pid": "0xAAA9",
        "device_version": "0.0.1"
    },
    "matrix_pins": {
        "cols": ["A8", "B15", "B14", "B13", "B12", "B11", "B10", "B1", "B0", "A6", "A5", "A4", "A3", "A2", "C13"],
        "rows": ["A10", "A9", "A1", "A0", "B8", "B9"]
    },
    "diode_direction": "ROW2COL",
    "encoder": {
        "rotary": [
            {"pin_a": "B5", "pin_b": "B4", "resolution": 4}
        ]
    },
    "tapping": {
        "term": 100
    },
    
    "qmk": {
        "tap_keycode_delay": 10
    },
    "ws2812": {
        "pin": "A7",
        "driver": "pwm"
    },
    "bootmagic": {
        "matrix": [0, 0]
    },
    "rgblight": {
        "led_count": 100,
        "max_brightness": 100,
        "sleep": true,
        "animations": {
            "breathing": true,
            "rainbow_mood": true,
            "rainbow_swirl": true,
            "snake": true,
            "knight": true,
            "christmas": true,
            "static_gradient": true,
            "rgb_test": true,
            "alternating": true,
            "twinkle": true
        }
    },
    "processor": "STM32F303",
    "bootloader": "stm32-dfu",
    "board": "QMK_PROTON_C",
    "layouts": {
        "LAYOUT": {
            "layout": [
                {"matrix": [0, 0], "x": 0, "y": 0},

                {"matrix": [0, 1], "x": 1.25, "y": 0},
                {"matrix": [0, 2], "x": 2.25, "y": 0},
                {"matrix": [0, 3], "x": 3.25, "y": 0},
                {"matrix": [0, 4], "x": 4.25, "y": 0},

                {"matrix": [0, 5], "x": 5.5, "y": 0},
                {"matrix": [0, 6], "x": 6.5, "y": 0},
                {"matrix": [0, 7], "x": 7.5, "y": 0},
                {"matrix": [0, 8], "x": 8.5, "y": 0},

                {"matrix": [0, 9], "x": 9.75, "y": 0},
                {"matrix": [0, 10], "x": 10.75, "y": 0},
                {"matrix": [0, 11], "x": 11.75, "y": 0},
                {"matrix": [0, 12], "x": 12.75, "y": 0},

                {"matrix": [0, 13], "x": 14, "y": 0},

                {"matrix": [0, 14], "x": 18, "y": 0},//encoder


                {"matrix": [1, 0], "x": 0, "y": 1.25},
                {"matrix": [1, 1], "x": 1, "y": 1.25},
                {"matrix": [1, 2], "x": 2, "y": 1.25},
                {"matrix": [1, 3], "x": 3, "y": 1.25},
                {"matrix": [1, 4], "x": 4, "y": 1.25},
                {"matrix": [1, 5], "x": 5, "y": 1.25},
                {"matrix": [1, 6], "x": 6, "y": 1.25},
                {"matrix": [1, 7], "x": 7, "y": 1.25},
                {"matrix": [1, 8], "x": 8, "y": 1.25},
                {"matrix": [1, 9], "x": 9, "y": 1.25},
                {"matrix": [1, 10], "x": 10, "y": 1.25},
                {"matrix": [1, 11], "x": 11, "y": 1.25},
                {"matrix": [1, 12], "x": 12, "y": 1.25},
                {"matrix": [1, 13], "x": 13, "y": 1.25, "w": 2},

                {"matrix": [2, 0], "x": 0, "y": 2.25, "w": 1.5},
                {"matrix": [2, 1], "x": 1.5, "y": 2.25},
                {"matrix": [2, 2], "x": 2.5, "y": 2.25},
                {"matrix": [2, 3], "x": 3.5, "y": 2.25},
                {"matrix": [2, 4], "x": 4.5, "y": 2.25},
                {"matrix": [2, 5], "x": 5.5, "y": 2.25},
                {"matrix": [2, 6], "x": 6.5, "y": 2.25},
                {"matrix": [2, 7], "x": 7.5, "y": 2.25},
                {"matrix": [2, 8], "x": 8.5, "y": 2.25},
                {"matrix": [2, 9], "x": 9.5, "y": 2.25},
                {"matrix": [2, 10], "x": 10.5, "y": 2.25},
                {"matrix": [2, 11], "x": 11.5, "y": 2.25},
                {"matrix": [2, 12], "x": 12.5, "y": 2.25},
                {"matrix": [2, 13], "x": 13.5, "y": 2.25, "w": 1.5},


                {"matrix": [3, 0], "x": 0, "y": 3.25, "w": 1.75},
                {"matrix": [3, 1], "x": 1.75, "y": 3.25},
                {"matrix": [3, 2], "x": 2.75, "y": 3.25},
                {"matrix": [3, 3], "x": 3.75, "y": 3.25},
                {"matrix": [3, 4], "x": 4.75, "y": 3.25},
                {"matrix": [3, 5], "x": 5.75, "y": 3.25},
                {"matrix": [3, 6], "x": 6.75, "y": 3.25},
                {"matrix": [3, 7], "x": 7.75, "y": 3.25},
                {"matrix": [3, 8], "x": 8.75, "y": 3.25},
                {"matrix": [3, 9], "x": 9.75, "y": 3.25},
                {"matrix": [3, 10], "x": 10.75, "y": 3.25},
                {"matrix": [3, 11], "x": 11.75, "y": 3.25},
                {"matrix": [3, 12], "x": 12.75, "y": 3.25, "w": 2.25},

                {"matrix": [4, 0], "x": 0, "y": 4.25, "w": 2.25},
                
                {"matrix": [4, 1], "x": 2.25, "y": 4.25},
                {"matrix": [4, 2], "x": 3.25, "y": 4.25},
                {"matrix": [4, 3], "x": 4.25, "y": 4.25},
                {"matrix": [4, 4], "x": 5.25, "y": 4.25},
                {"matrix": [4, 5], "x": 6.25, "y": 4.25},
                {"matrix": [4, 6], "x": 7.25, "y": 4.25},
                {"matrix": [4, 7], "x": 8.25, "y": 4.25},
                {"matrix": [4, 8], "x": 9.25, "y": 4.25},
                {"matrix": [4, 9], "x": 10.25, "y": 4.25},
                {"matrix": [4, 10], "x": 11.25, "y": 4.25},
                {"matrix": [4, 12], "x": 12.25, "y": 4.25, "w": 2.75},
                {"matrix": [4, 13], "x": 14, "y": 4.25},
                {"matrix": [4, 14], "x": 15, "y": 4.25},

                {"matrix": [5, 0], "x": 0, "y": 5.25, "w": 1.25},
                {"matrix": [5, 1], "x": 1.25, "y": 5.25, "w": 1.25},
                {"matrix": [5, 2], "x": 2.5, "y": 5.25, "w": 1.25},
                {"matrix": [5, 5], "x": 3.75, "y": 5.25, "w": 6.25},
                {"matrix": [5, 9], "x": 10, "y": 5.25, "w": 1.5},
                {"matrix": [5, 11], "x": 11.5, "y": 5.25, "w": 1.5},
                {"matrix": [5, 12], "x": 13, "y": 5.25},
                {"matrix": [5, 13], "x": 14, "y": 5.25},
                {"matrix": [5, 14], "x": 15, "y": 5.25}
            ]
        }
    }
}
